date,MKT,SMB,VMG,MKT_cum,SMB_cum,VMG_cum
2000-01,0.1799589053789794,-0.10057946696053002,-0.10643503715554581,1.1799589053789794,0.89942053303947,0.8935649628444542
2000-02,0.14441627849938019,-0.038445448684794895,-0.12740706092065796,1.3503641792760137,0.8648419070904502,0.7797184771867655
2000-03,0.08116232194243267,0.03631751636533438,-0.07303065274568608,1.4599628715339423,0.8962508172046346,0.7227751278399436
2000-04,0.02941190312209698,-0.03295377322302484,-0.013609207825360584,1.5029031580733572,0.8667159710235224,0.7129387309141683
2000-05,0.03911726959497142,0.0009350655576089162,0.013299365748968974,1.5616926260828468,0.867526407276256,0.7224203638532016
2000-06,0.03572785052007207,-0.011523066486947248,0.06009584989945528,1.6174885467858333,0.8575298428060292,0.7658348296036335
2000-07,0.0505253120118176,-0.0015885812263334992,0.024112502255073463,1.699212660287729,0.8561675869967268,0.7843010236594649
2000-08,-0.0033734839636936293,0.00196660238078641,-0.05079857673517295,1.6934803936273433,0.8578513282116668,0.7444596479256248
2000-09,-0.045272501091847404,0.0021126183870755627,-0.03996818334357187,1.6168123006578272,0.859663640701024,0.7147049482254425
2000-10,0.024932066500915027,0.01239766475855052,-0.02126153969024629,1.6571227724573254,0.8703214623235502,0.6995092206019319
2000-11,0.060481330719453684,0.0032592851165641826,0.009131505806487202,1.7573477629010548,0.8731580881123279,0.7058967931115497
2000-12,0.0014264241047247535,0.015849908148429237,0.002981825178389649,1.759854486110441,0.8869975636079662,0.7080016539425943
2001-01,-0.0028116070834135207,-0.005678056428756017,0.021351900215484786,1.7549064667715157,0.8819611413896311,0.7231188346099747
2001-02,-0.05306374354355743,-0.006603863768147943,0.023981040064569192,1.6617845600758214,0.8761367901630938,0.7404599763542011
2001-03,0.08381788204535463,0.05338545293684946,0.008931060678057184,1.801071822317048,0.9229097495405879,0.7470730693326934
2001-04,-0.004350949110571,-0.0014988805095002566,-0.03382564094597212,1.7932354504736632,0.9215264181049737,0.7218028439290404
2001-05,0.03491047266010355,0.022834718112356284,-0.04001088134699074,1.8558381476405523,0.9425692140954901,0.6929228759846751
2001-06,0.008887043353982564,-0.006918853571558284,0.0015379057617604525,1.8723310617166085,0.9360477157221047,0.6939885260681075
2001-07,-0.12796679214441337,-0.026062880353520945,-0.01262142563386165,1.6327348619163904,0.9116516161020528,0.6852294014955855
2001-08,-0.03515125352040885,-0.002363328194978455,-0.006523360446443471,1.5753421848535576,0.9094970841337212,0.6807594031211291
2001-09,-0.03839608921896922,-0.03246207163079713,-0.0014824952420353851,1.5148552057735145,0.8799729246405712,0.6797501805450312
2001-10,-0.0400273917262046,-0.0323307593857851,-0.018958067084018815,1.4542195030435376,0.8515227317480113,0.6668634310218846
2001-11,0.03622997469279461,0.016542782995519506,0.014630122866931647,1.5069058388365733,0.8656092875150707,0.6766197249531984
2001-12,-0.05376184261940195,-0.016573503325957535,0.026139556099326354,1.4258918042867834,0.85126310910946,0.6943062642115233
2002-01,-0.08753888357058305,-0.05437205503935734,0.027267586058554533,1.3010708276470742,0.804978184487986,0.7132383200219045
2002-02,0.024755729199863616,0.02155265379681768,-0.008263934419228812,1.3332797847261477,0.8223276006122463,0.7073441653199625
2002-03,0.06122889726352741,0.014164380637188709,-0.04480506421555809,1.4149150356886828,0.8339753617557842,0.6756515645703012
2002-04,0.04215187098549416,0.004047422276752775,-0.02249761353567989,1.474556351728468,0.8373508122132176,0.6604510167858211
2002-05,-0.08319182022191786,-0.017277697059880248,-0.03022902519819695,1.3518853248083864,0.822883318546953,0.6404862263572277
2002-06,0.15497854994589946,-0.055061580805387395,0.01213235625070716,1.5613985521403315,0.7775740622093746,0.6482568334290647
2002-07,-0.042193154341380476,0.008064557185355245,-0.008627001736013835,1.4955182220414664,0.7838448526999111,0.6426643206016893
2002-08,0.009061723257505183,-0.004105136439670236,0.014226752582251203,1.5090701942961624,0.7806270626320447,0.6518073468843302
2002-09,-0.05208390324512477,-0.011781194922599394,-0.004010799385687602,1.4304719283063394,0.7714303430453203,0.6491930783778599
2002-10,-0.048149616948514704,-0.013703311223815462,-0.00432479843129225,1.361595252902786,0.7608591929670756,0.6463854491708855
2002-11,-0.05008380310177345,-0.042412323047537906,0.009634987989312227,1.2934013843520935,0.728589387081267,0.6526133652101131
2002-12,-0.05007147079197886,-0.00934724490916522,0.007488898909740652,1.2286388747132027,0.7217790836419998,0.6575007207293173
2003-01,0.10248549154640575,0.003046609499059924,0.0010287330911123993,1.354556533721208,0.7239780626544464,0.6581771134781619
2003-02,0.008245699755904622,0.007728006889137249,-0.005206836663625855,1.365725800200672,0.7295729701102242,0.6547500927525444
2003-03,7.769233406265566e-05,-0.034591505887669724,0.025525975754268303,1.3658319066257791,0.7043359424191716,0.6714632277452507
2003-04,0.01755360616545899,-0.07598224341892562,0.02489073229880008,1.389807182002906,0.6508189173935797,0.6881764391955459
2003-05,0.046580307652358696,-0.017187510070478813,-0.018923886728098922,1.4545448281180593,0.6396329606968194,0.6751534662112629
2003-06,-0.05827166150775526,-0.01378752477775931,0.007863286794495244,1.3697860842461078,0.6308140054025404,0.6804623915463797
2003-07,-0.0027211408593608875,-0.036555728174004674,0.013750334645787864,1.3660587033636817,0.60775414009269,0.6898189771440155
2003-08,-0.03324725000933566,0.004146278460289341,-0.026645990040378948,1.3206410081255204,0.610274057992908,0.6714380675493717
2003-09,-0.03915038260858404,-0.0088545119183552,-0.013479142579980084,1.2689374073688202,0.6048703790729468,0.6623876581032475
2003-10,-0.006342069167651442,-0.058313675910604296,0.06496024228314212,1.2608897185618668,0.5695981638197626,0.7054165208589975
2003-11,0.03262938119443865,-0.014587146445819186,-0.0038710198944450075,1.3020317698329704,0.561289351988854,0.7026858394728821
2003-12,0.07720687976269683,-0.10159234123101932,0.04347534017539366,1.4025575801336758,0.5042666526122646,0.7332353453803977
2004-01,0.06921289944334308,0.02285741811690646,-0.015975481601399416,1.4996326568909666,0.515792886333436,0.7215215576107774
2004-02,0.06722059109298809,0.01562141119810026,-0.05378624012718751,1.6004388505095257,0.5238502991039057,0.6827136258561818
2004-03,0.041664355703005126,0.008424164433895667,0.012616484667122618,1.6671201040580634,0.5282633001623024,0.691327071848832
2004-04,-0.08391815728597234,-0.016215978524412034,0.007733131884106223,1.5272184569511125,0.5196969938316355,0.6966731952704921
2004-05,-0.020538330344916384,-0.0065750170763544495,-0.028069873395745026,1.4958519397733971,0.5162799772226624,0.6771176668810402
2004-06,-0.09309357677691175,-0.03435686461642613,0.023970216918524717,1.35659773237121,0.4985422159410518,0.6933483242355442
2004-07,0.0033166991536546526,-0.0383166486260658,-0.005041878097144032,1.3610971589220153,0.4794397490275783,0.6898525465058895
2004-08,-0.031712585285584426,-0.02323366658069811,0.008691577733390729,1.3179332491877342,0.4683006057531379,0.695848453538423
2004-09,0.05442407661345111,-0.0028015350520089327,-0.002317699226111941,1.3896605493129421,0.46698864519124345,0.6942356861161658
2004-10,-0.04489083051505841,-0.03200426171488159,-0.008386581614897443,1.327277533120272,0.4520430183726649,0.6884134218745782
2004-11,0.016287662854481473,0.023723784815099378,-0.04209340782015765,1.3488957820940628,0.46276718966770597,0.6594357549587413
2004-12,-0.05590996074473181,-0.02637605720683861,0.021051530120485114,1.2734790718684494,0.45056121579958264,0.6733178866167802
2005-01,-0.055592544835711036,-0.024468315548109174,0.0005547946941809184,1.202683129468263,0.4395367417976588,0.6736914398077722
2005-02,0.09941641454341434,0.010192492792759897,0.008722291025311121,1.3222495740318507,0.4440167168705846,0.6795675726070365
2005-03,-0.0880475723435481,-0.051931579986933166,0.016352078155542654,1.2058287090060558,0.42095822722288434,0.6906799146662791
2005-04,-0.008755262428573858,-0.07841677565763434,-0.003251708064276,1.1952713622147995,0.38794804035751196,0.6884340252179253
2005-05,-0.07803857626556973,0.03499884523491293,-0.07064685525586417,1.1019940868565483,0.4015257737811723,0.6397983262851427
2005-06,0.024889476596123977,-0.04014488088774116,0.006149375609502274,1.1294221428904314,0.38540656941936907,0.6437326865078009
2005-07,0.009183093406412893,-0.08957461299686001,0.03535531555615487,1.1397937319238653,0.35088392511718164,0.6664920587730955
2005-08,0.09508566369573988,0.05884359617754738,-0.06626444122437748,1.2481717754000903,0.3715311971119698,0.6223273349180114
2005-09,0.003997585114631077,0.0097265519586365,-0.018376568658862107,1.2531614483099323,0.37514491460493377,0.610891093919604
2005-10,-0.04912921673464693,-0.024197491113711896,-0.02792201101163029,1.1915946079124096,0.36606734886742665,0.5938337860682739
2005-11,0.005256150064106679,0.0072732980709238745,-0.019808028919958278,1.1978578079871776,0.3687298658097723,0.5820711092601852
2005-12,0.06699717501769614,-0.04688875813900803,0.029683657128613913,1.2781108971952082,0.351440580313189,0.5993491084919366
2006-01,0.10192196893696158,-0.02036679652672485,-0.029203195944830923,1.40837847635713,0.34428286152271614,0.5818461990372868
2006-02,0.04213120144124853,-0.032182480388771514,-0.02348832746897321,1.467715153650051,0.3332029850835712,0.5681796049777217
2006-03,0.021105069391027305,-0.01868907769679807,-0.010901671715980235,1.4986913838140976,0.3269757286065393,0.5619854974485392
2006-04,0.1590184693359457,-0.10962997354929478,-0.1002774118638125,1.7370109936751859,0.291129388128143,0.5056310462594025
2006-05,0.2035761418345255,0.04210380734025765,-0.1337980893297251,2.0906249900917353,0.30338704379697745,0.4379785783641046
2006-06,0.04429519785516457,0.032922566444774336,-0.028482863216233258,2.1832296376688003,0.3133753239048671,0.4255036944249195
2006-07,-0.05297645373842396,0.022034221238442807,-0.04405111898192959,2.067569873768483,0.32028030512245564,0.40675978055455675
2006-08,0.03573730130696854,-0.012170145907190424,-0.018925458487607853,2.1414592413205584,0.3163824470779159,0.399061665213243
2006-09,0.059284902198197494,-0.011274260184298564,-0.02963068334484644,2.2684154430036743,0.3128154690518144,0.3872371953762423
2006-10,0.0408604869368633,-0.03381133647290762,0.08434531128481249,2.3611040025799053,0.3022387599737731,0.4198988371613092
2006-11,0.1546844753271326,-0.1476495343298903,0.03215836006656665,2.7263301364117707,0.257613347807202,0.43340209515827527
2006-12,0.23708856744883935,-0.2002524250500695,-0.14020118367128123,3.3727118428462366,0.20602565018354282,0.37263860841147184
2007-01,0.1184921099897739,0.08552926073779493,-0.14918337257778172,3.7723515854925864,0.22364687173676479,0.31704712405595714
2007-02,0.06567063633948775,0.12343422601848611,-0.07916269202465287,4.02008431460816,0.251252550251048,0.2919488202170135
2007-03,0.1204450630350346,0.11745476256174928,0.009633982945313646,4.504283623287294,0.2807633588838188,0.29476145017188865
2007-04,0.257053092285854,0.02312247723335309,-0.25537467007488557,5.662123657185823,0.28725530325756965,0.21948684208344776
2007-05,0.12321147621614637,-0.049554537464499684,-0.07021594738329025,6.359762271506055,0.2730204995704162,0.20407536552839184
2007-06,-0.04118578833209492,-0.15441649360657264,-0.03559149261486637,6.097830448749363,0.23086163134403775,0.1968120186633119
2007-07,0.19055732065933742,0.04443777410822525,-0.03759413421707042,7.259816680897966,0.2411206083679605,0.18941304121815078
2007-08,0.18533652037693032,-0.10814587342171807,-0.07387940546508245,8.605325843109991,0.21504440957603138,0.17541931834562066
2007-09,0.08975699524247377,-0.06994801407948344,-0.06716417427785813,9.377714033869951,0.2000024801872929,0.16363742467655232
2007-10,0.08400293218511423,-0.20108522808312929,0.02793142011697316,10.165469509908524,0.15978493584163958,0.16820805033205266
2007-11,-0.1466216077248513,0.08675075307461572,-0.027804982457643457,8.67499202708778,0.17364639935588097,0.16353102844333553
2007-12,0.1296294449760793,0.07980187884036233,-0.006698677059580882,9.799526428731083,0.18750370827834414,0.1624355868945725
2008-01,-0.14797293552142712,0.06614038898115801,-0.06307224561946757,8.349461736351937,0.1999052764792834,0.15219040966061564
2008-02,0.005305845257968367,0.0692260110439116,-0.05885322268670587,8.393762688312348,0.21374392135657447,0.14323351359007844
2008-03,-0.1794919198322086,-0.06200625309310798,-0.10685541097375881,6.887150108771205,0.20049046167182533,0.12792823763019515
2008-04,0.07519061367787236,-0.1101566218119039,0.03822931003296091,7.404999151941337,0.17840510970854806,0.13281884588853018
2008-05,-0.06215650507869885,0.01978699866001516,-0.06124764500906389,6.944730284545934,0.18193521137529098,0.12468400436503592
2008-06,-0.204998526940597,-0.06629380357592157,-0.03363655518291386,5.521070806214265,0.16987403420883368,0.12049006397178472
2008-07,0.030748209966946674,0.07592372355759991,-0.00650677054679781,5.690833850606121,0.18277150342171947,0.11970606277235132
2008-08,-0.14050872783566953,-0.08833697263916301,0.02660184533190854,4.89122202593329,0.16662602212473634,0.12289046493951315
2008-09,-0.03405983407550565,-0.06445485823042305,-0.04284654496020005,4.724627815303544,0.1558861654911871,0.11762503310830241
2008-10,-0.24023108663026133,-0.045634768135855264,-0.06407261668047581,3.589625341309616,0.1487723364734092,0.11008848944992587
2008-11,0.12036178913272703,0.07301848316703169,-0.07652560869150302,4.021679069705818,0.1596354668199128,0.10166390078484218
2008-12,-0.004498990009126461,0.06951813958548181,-0.05794460138356916,4.003585575751298,0.17073302748509306,0.09577302657876577
2009-01,0.10513211200951071,0.060885827954420726,0.00047052427799407215,4.424490982940846,0.1811282492226878,0.09581809011294805
2009-02,0.061128426136014796,0.013009668612968747,-0.06860154376115174,4.694953153181008,0.1834846677215222,0.08924482121095466
2009-03,0.15955447512508625,0.04571537264922404,-0.05894611797861146,5.444053939273673,0.19187273768183064,0.08398418545087363
2009-04,0.05699729179118462,0.027955571194518358,-0.03696092274776922,5.754350270177403,0.19723664966038218,0.08088005246038957
2009-05,0.06881499038169575,0.0010685239039785743,-0.032568921375229765,6.150335828672569,0.19744740173528494,0.07824587639098268
2009-06,0.152054694837406,-0.1042368425893477,-0.0035184166869412087,7.0855232662489405,0.17686610800092833,0.07797057479380431
2009-07,0.17271145640934513,-0.055925154970419805,-0.07589808936937856,8.309274308985094,0.1669748435019614,0.07205275713992233
2009-08,-0.20233778703227764,0.05704221274912871,-0.01298830028219533,6.627994133460891,0.17649945804875278,0.07111691429402893
2009-09,0.05309235499227388,0.009409650935373486,0.05225096947790275,6.979889950881306,0.17816025633927413,0.07483284201216886
2009-10,0.08789503194519017,0.029404082398799117,-0.023654140169996132,7.5933876010879295,0.1833988951968653,0.07306273547789384
2009-11,0.08211723045153686,0.06086653621611739,-0.04598523467055542,8.21693556063431,0.19456175069336124,0.06970292844127018
2009-12,0.028599733814860168,0.004670886043381464,0.002239500953614075,8.45193773044231,0.19547052645925073,0.0698590282159841
2010-01,-0.07826967335229691,0.0397742534568338,-0.025912142966818347,7.790407325086637,0.20324522072198167,0.06804883108932852
2010-02,0.05008744313091896,-0.03191205493875862,-0.12550392423756218,8.180608908948608,0.19675924807226167,0.05950843574783877
2010-03,0.023718399055567066,0.010886980640387504,-0.02991633686645439,8.37463985556858,0.1989013621968416,0.05772816133761067
2010-04,-0.06845291467923108,-0.03456948031404546,-0.047330527608422567,7.801371348066056,0.19202544547194106,0.05499585700363741
2010-05,-0.08234704140421995,-0.02366292129746507,-0.04066365363469821,7.1589514986571645,0.18748156246862785,0.05275952452309811
2010-06,-0.06962020830334882,-0.023347361584265147,0.006673555074891549,6.660543804087082,0.18310436263928978,0.05311161811572809
2010-07,0.11925296081902119,0.03892969745468361,-0.007202536086445305,7.454833373389253,0.19023256007946998,0.05272907976964006
2010-08,0.030436859753817255,0.03653529890060305,-0.07752671930414626,7.681735091263177,0.19718276352260036,0.04864116720317324
2010-09,0.019549744337387022,-0.038379735666198796,-0.05474249314441584,7.8319110483649075,0.18961494118067238,0.04597842844101715
2010-10,0.13679396829332593,-0.05774738767708422,-0.017701730527496365,8.903269239991085,0.17866517366294457,0.04516453069067649
2010-11,-0.02822051598174334,0.01845267519949914,-0.07396855042676628,8.652014388114152,0.18196202408200898,0.04182377582478195
2010-12,-0.0005913103445705135,-0.03563708596066532,-0.012814670856739539,8.646898362505087,0.17547742778822178,0.041287817903601316
2011-01,-0.01930451352082349,-0.02883135222515498,0.019790990287297125,8.479974196152922,0.17041817626009537,0.04210494470671518
2011-02,0.055315022381144996,0.029488790032170947,-0.05399904536400603,8.949044158604652,0.17544360207749482,0.0398313178874483
2011-03,0.0004833385579041849,-0.00614719119004212,0.015414579451377357,8.953369576702892,0.17436511671245478,0.04044530090167744
2011-04,-0.011191343169416341,-0.032941940404107736,-0.003346548805480784,8.853169345247398,0.1686211914291578,0.04030994872825762
2011-05,-0.06021441317273053,-0.015529994383846807,-0.007364041770399926,8.320080948404518,0.1660025052732654,0.04001310458206005
2011-06,0.029511699622252585,-0.0067226801506695966,-0.029471108866988213,8.56562067818666,0.1648865235261034,0.03883387402081597
2011-07,-0.004671788289237725,0.009685704553854427,-0.05959998030184075,8.525603911812254,0.1664835656778894,0.03651937589413117
2011-08,-0.04204831640638184,0.0033209720949756404,-0.02781676013886992,8.167116620972886,0.16703645295377773,0.0355035251744629
2011-09,-0.08840836625110199,-0.02886255650879374,0.024569342213715276,7.445075183530452,0.16221535389137084,0.036375823434267526
2011-10,0.04555266653608779,-0.009545386855988748,-0.025456956951530683,7.784218210701916,0.1606669455844966,0.03544980566302489
2011-11,-0.050115131026940145,-0.0013250462048992606,-0.03307396220767728,7.394111095130297,0.1604540544579971,0.0342773401302565
2011-12,-0.0641842333005454,-0.08035882989805083,0.04498724984228568,6.919525743550303,0.14756015438935433,0.035819383394625356
2012-01,0.031188695080065092,-0.03614664167051092,0.01877967798508925,7.1353367220645545,0.14222635036379705,0.03649205988040088
2012-02,0.07708814572516402,0.04403554272027678,-0.04884555034296352,7.685386599093181,0.14848936489119108,0.03470958513239432
2012-03,-0.0654665535461692,-0.011157077855850246,-0.011584729168750502,7.182250825780637,0.14683265748633428,0.03430748398907584
2012-04,0.06069887254814275,-0.0006226101768498638,-0.029928458172941944,7.618205353263488,0.14674123797948938,0.03328071388948991
2012-05,0.0062544820826955,-0.006405524539712024,-0.04085182079899184,7.66585328214777,0.14580128337862402,0.03192113612961395
2012-06,-0.04339839434618343,-0.030607537381055018,-0.009567096289656477,7.333167558409137,0.14133866514740698,0.0316157435465867
2012-07,-0.051593470703633966,-0.0482932769241634,-0.006140055468778882,6.954823992819517,0.13451295785135164,0.03142162112752397
2012-08,-0.014140495289973572,0.037233582526075996,-0.05773782276697687,6.856479336906458,0.13952135716833652,0.02960740513581189
2012-09,0.025156431338143173,-0.03143337217101733,-0.0192451262749113,7.028963888566742,0.13513573042265875,0.029037606885300733
2012-10,-0.00010222316082769689,-0.010421878672383077,-0.03425354065698006,7.02824536566071,0.13372736223588993,0.02804296603727368
2012-11,-0.055767046748292415,-0.05700762017450965,0.024328649783459194,6.636300877795439,0.12610388356260727,0.02872521353688395
2012-12,0.158814583118078,-0.002833783771234083,-0.02717577971570534,7.6902422351486575,0.12574653242387795,0.027944583461518995
2013-01,0.06052419999051378,0.0010643564446215642,-0.023336317649020943,8.15568799416429,0.1258803715560521,0.027292459785291413
2013-02,0.007869596212313206,0.018060661236906726,-0.04142897500588678,8.219869965511974,0.12815385430310192,0.026161761150997404
2013-03,-0.04486786081704605,0.004860237727006226,-0.03487848573308453,7.851061983965165,0.1287767125006471,0.025249278537939977
2013-04,-0.017736229999064376,-0.022396172723376906,-0.020176987722918927,7.711813742880649,0.12589260700473395,0.0247398241548674
2013-05,0.08825599379504802,0.03690925438486961,-0.08088482290658912,8.392427528720889,0.13053920926184612,0.022738747859360794
2013-06,-0.12275962750375408,-0.03796029083804793,-0.017470818107240133,7.362176251442861,0.12558390291249763,0.022341483331523505
2013-07,0.03786699121324406,0.01121186596510975,-0.08224485370495024,7.640959714866602,0.1269919327993279,0.02050401130337077
2013-08,0.06295678621762671,0.025662856925728852,-0.013888309015930717,8.122009982132957,0.13025090860147884,0.02021924525832342
2013-09,0.06237622834950085,-0.04037868888486914,-0.0854018668028608,8.628630331435406,0.1249915476860882,0.01849248396791771
2013-10,-0.014392063851201595,-0.0019369435701315357,0.011487335220774626,8.504446532756972,0.12474944611147684,0.01870491333032198
2013-11,0.050572450886854046,0.025159759694333796,-0.05931750864953808,8.934537237354702,0.12788811219764284,0.017595384472061746
2013-12,-0.037822927031332776,0.0028520136422927264,-0.0016183752121311096,8.596606887367509,0.12825285083831758,0.017566908537984243
2014-01,-0.007155396782814957,0.0022101489819271423,-0.1160721311902179,8.535094754102515,0.12853630874602714,0.015527880025556778
2014-02,0.02034855250667781,0.025743701708624632,-0.04516341620820669,8.70877157785584,0.13184530913711254,0.014826587917131458
2014-03,-0.0188085537793526,0.008578769671072933,0.04428632486655801,8.544972179281642,0.1329763796764112,0.015483203006292124
2014-04,-0.002782004985325695,-0.02167082993700948,-0.013660887865694558,8.52120002407941,0.13009467116680448,0.015271688706221384
2014-05,0.015597805157180037,0.011495835766877651,-0.045250258953608964,8.65411204176036,0.13159021814068403,0.01458064083760596
2014-06,0.02910295827441348,0.01492219300006254,-0.05223509861298405,8.905972303413812,0.13355383277269964,0.01381901962561311
2014-07,0.08624871844874052,-0.002142395650236384,0.007583473687011635,9.674101001123232,0.133267707622295,0.013923815797324246
2014-08,0.024045203597159517,0.021027691354402127,-0.06763583332228003,9.906716729314724,0.1360700198456853,0.012982066912846292
2014-09,0.08618179338271406,0.049667982657644355,-0.07148597455322014,10.760495343581601,0.14282834323160612,0.012054031207866361
2014-10,0.025089999594117233,-0.001168869643566793,0.0014196046713082326,11.030476167384563,0.14266139551696175,0.012071143166877144
2014-11,0.10781780981127526,-0.06365589520626572,0.007677896385022115,12.219757948927436,0.1335801566739544,0.012163824153361194
2014-12,0.1964453033242773,-0.2557754512073298,0.09986797824079999,14.620272005753733,0.09941363182832791,0.013378600679233988
2015-01,0.037121365728426566,0.021952669433120707,-0.08855977605367882,15.162996469928395,0.10159602642500115,0.012193794799169431
2015-02,0.05803154744965603,0.0016622023260185748,-0.07629905616059504,16.04292861905201,0.10176489957643904,0.01126341976497683
2015-03,0.17690580234680847,0.03431073841579618,-0.1181954637372809,18.88101577839798,0.105256528425716,0.009932134642587739
2015-04,0.21174922955869838,-0.06095672845100364,-0.13571799606931212,22.879056322759382,0.0988404348047743,0.008584165232205137
2015-05,0.17685657643001337,0.10363304041492288,-0.342034117425685,26.925367895952057,0.10908356957952602,0.005648087853171602
2015-06,-0.05026165143856592,-0.033496456963596107,0.007170239516815419,25.572054439910563,0.10542965648566997,0.005688585995890858
2015-07,-0.1262334623990928,-0.06604597691291522,-0.017427540571152478,22.34400546730256,0.09846645182748083,0.00558944793265498
2015-08,-0.12271771542528097,-0.0336643956031166,-0.0025008071410101695,19.602000162905203,0.09515163823952529,0.005575469801350692
2015-09,-0.03654751278501409,0.001864002052813285,-0.020470406869163817,18.885595811339577,0.09532900108853232,0.005461337666030307
2015-10,0.16120711095578075,0.07250920716443518,-0.11725997389336851,21.930088150764224,0.10224123137723937,0.0048209413538887235
2015-11,0.06356949430302919,0.058782763648575244,-0.11806491324365853,23.32417276452916,0.10825125351642692,0.004251757331189086
2015-12,0.0491570344756454,0.026129655450072897,-0.017620438981037635,24.470719929231027,0.11107982147284966,0.004176839500572689
2016-01,-0.23457600365271872,-0.05487648478092971,0.02848923804779907,18.730476241727075,0.10498415134032643,0.004295834475391954
2016-02,-0.015918589559529548,-0.011280324721108495,-0.01666480016183569,18.432313478180504,0.10379989602263755,0.004224245252331223
2016-03,0.1535136234173596,0.043191859190999216,-0.04753490675240321,21.261924708180626,0.10828320651568767,0.004023446148162376
2016-04,-0.017522071880224904,0.016209737022454557,-0.012431117387294285,20.889371735131956,0.1100384488172551,0.003973430216793113
2016-05,0.0038520720955696405,-0.012852731354792781,-0.005528196523243367,20.96983910108684,0.10862415419590879,0.003951464313683288
2016-06,0.03593180127241076,0.038956599034832284,-0.06311877570808917,21.72332319238152,0.11285578181641659,0.0037020527239493934
2016-07,0.019570293351416537,-0.01906472282126312,0.026949858460883814,22.148454999824057,0.11070421761730966,0.003801822520874559
2016-08,0.045772170203819004,0.0028754983030542663,-0.0236498820863964,23.16223785182763,0.11102254740720918,0.0037119098665424695
2016-09,-0.019715797487775102,0.0089447633924063,-3.0270912032824907e-05,22.70557586097732,0.11201561782498887,0.003711797503645426
2016-10,0.03296710095709249,0.009248426670014978,-0.029805327367289712,23.45411287267508,0.1130515860523397,0.0036011661639281855
2016-11,0.04688623277847853,-0.021008956905505752,-0.010266081957518491,24.553787868436032,0.11067649015286701,0.0035641962969466564
2016-12,-0.04722900713111658,-0.0017786126918323264,-0.009319112908864419,23.394136846101745,0.11047963954279366,0.003530981149226054
2017-01,0.009149954251802704,-0.028836689914180452,0.016583929490183332,23.60819212800399,0.1072937724354677,0.0035895386916359852
2017-02,0.040142144454513334,0.006850822941200069,-0.019975863551570883,24.55587558671623,0.10802882307311651,0.0035178345565187803
2017-03,0.003837147822223215,-0.023576591288490385,-0.014108777856188477,24.650100111246584,0.105481871664145,0.0034682022102260337
2017-04,-0.01364906603675719,-0.049803757490044516,0.004925162965785643,24.313649267015503,0.10022847810818791,0.003485283671309695
2017-05,-0.011444760156858625,-0.062034045407331866,0.024493359693996433,24.03538538261653,0.09401090014611682,0.0035706499779066957
2017-06,0.04619402589585705,-0.014731263977496772,-5.651983776416847e-06,25.145676597398023,0.09262600075930229,0.0035706297966509493
2017-07,0.03500750772299649,-0.038003679603095177,-0.005793300946033676,26.025964065081407,0.08910587190352971,0.003549944063672075
2017-08,0.03390278868132445,-0.00871100028952216,-0.04061310197434953,26.908316825007603,0.08832967062757993,0.0034057698234109244
2017-09,0.014155241230703391,-0.0017099543388050219,-0.03745792674660189,27.289210540777777,0.08817863092404508,0.003278196746849811
2017-10,0.02285903950751441,-0.05341142157250219,-0.006397690199075375,27.913015682658294,0.08346888489407484,0.0032572238596518493
2017-11,-0.020495924808755783,-0.057642498798464066,0.0025608139511729064,27.34091261204091,0.07865752979685899,0.0032655650039537386
2017-12,0.004125806232222161,-0.03541020764051163,-0.012947596779600416,27.45371591969031,0.07587225033426248,0.003223283785024971
2018-01,0.04504088069714338,-0.0707184607248491,0.05063081234663016,28.690255463122348,0.07050668157889302,0.003386481261484506
2018-02,-0.04595494178360014,-0.012746591275399358,-0.029000602827657675,27.371796443557944,0.06960796172662215,0.003288271263436889
2018-03,0.0009097521750691961,0.03817304973077242,-0.09774083155393068,27.39669799490802,0.07226510991127019,0.0029668728957736733
2018-04,-0.027461293125675214,-0.018345765077369843,-0.0205078620960873,26.644349240594252,0.07093935118154772,0.0029060286755705276
2018-05,0.012999834092405526,-0.04179788021665905,-0.02469733819112212,26.99072136022209,0.06797423667821387,0.0028342575025768636
2018-06,-0.07229427316313423,-0.045113371570505434,-0.01080940774196247,25.039446777336153,0.06490768968172812,0.0028036208575857938
2018-07,0.013842387249062676,-0.013412521187660946,0.020710415446983658,25.386052496130336,0.06403711391862983,0.0028616850103022244
2018-08,-0.05467871864551774,-0.03039742439092702,-0.007972227794554518,23.997975674174082,0.062090550590075094,0.002838871005523833
2018-09,0.027297392942033507,-0.0408091322352601,0.013328033443859187,24.653057845965375,0.05955668910048462,0.002876707573228257
2018-10,-0.07972378363976274,-0.027600220583818225,0.004788871586101584,22.687622796195075,0.05791291134406936,0.002890483756387213
2018-11,0.015174710544671876,0.04935791277405789,-0.04871308640201877,23.031900905074032,0.06077137177068169,0.002749679371418691
2018-12,-0.036733577269890655,-0.013516696519282605,-0.011106148928156465,22.185856793505028,0.05994994358139689,0.0027191410228150355
2019-01,0.03659005268008107,-0.05134429763595188,0.04111795503206821,22.997638462332112,0.056871855834895124,0.002830946541116996
2019-02,0.1774506794612585,0.028316252459204994,-0.13530663593259626,27.078585033477317,0.05848225366253952,0.002447900688133436
2019-03,0.07917623615383042,0.024245206613970977,-0.06608505361848359,29.222565476799495,0.05990016798583845,0.0022861310399054148
2019-04,-0.004792303313336492,-0.037618378285376786,0.009850211782778551,29.08252207944084,0.05764682080718957,0.002308649914811667
2019-05,-0.053147445021771364,0.0020848382834863163,-0.04017092741120727,27.536860336129305,0.05776700510612968,0.0022159093066658774
2019-06,0.03770068291942081,-0.04539357288988649,0.0023890915961510394,28.575018776258094,0.05514475434921414,0.002221203316968266
2019-07,0.0058957893619926375,-0.034188203797782576,-0.01698752569939877,28.743491067977896,0.05325945424914455,0.0021834705685376777
2019-08,0.0015374447606241782,-0.026992896658970998,-0.07053472901683261,28.78768259772241,0.051821827304484196,0.002029460063669643
2019-09,0.011546491761764414,0.0038521513193912043,-0.016974898379980362,29.1200793376773,0.05202145282490843,0.0019950101853226225
2019-10,0.01757771562659417,-0.02790734041647461,-0.012994967696923408,29.631943811298854,0.050569672431964134,0.0019690850924093217
2019-11,-0.01208754556935467,-0.01913754349726656,-0.005553194384236073,29.27376634017122,0.0496018931261549,0.0019581503801320713
2019-12,0.07653122693557303,0.0005835885994326939,-0.031391892898700015,31.514123595209806,0.049630840225493605,0.0018966803331194166
2020-01,0.01054474911391745,-0.016360035367340427,-0.08413844241353412,31.84643212206628,0.04881887792409371,0.0017370966041343658
2020-02,0.006692202092325351,-0.01183664378387746,-0.09918947713112913,32.05955488174667,0.048241026256177606,0.001564794900244018
2020-03,-0.04604375019217674,0.002930069217122744,-0.0034087348316605495,30.583412745499146,0.048382375802213246,0.0015594609293631512
2020-04,0.06126649641382681,-0.05159749325113791,-0.04510575524381284,32.45715129279385,0.04588596649328453,0.001489120266371008
2020-05,0.01678532036368617,0.004248400165934137,-0.06180885822902285,33.00195497533603,0.04608090844094865,0.0013970794429409175
2020-06,0.09537813172643654,-0.039199082907590166,-0.08460886476451819,36.14961978420356,0.04427457909051483,0.001278874137287841
2020-07,0.15605178280090043,-0.018865247912810273,-0.06852599309449907,41.79083239910323,0.04343932817973695,0.001191238016987321
2020-08,0.03140178894658741,0.008015742212732421,-0.005263156320647208,43.10313929800208,0.043787526636320004,0.0011849683450888189
2020-09,-0.04952050188698691,-0.02780771277287518,-0.008960463252060062,40.96865020706031,0.0425698956725826,0.001174350479777796
2020-10,0.020293999382496115,-0.022941536073045783,-0.02522545403366978,41.800067969064095,0.04159327687538424,0.0011447269557307432
2020-11,0.050524757565805614,-0.030283103432043344,0.010327775646636513,43.91200626943526,0.04033370336968937,0.0011565494389061874
2020-12,0.055548857358978784,-0.10621149544670243,-0.10947064028637282,46.351268042042705,0.03604980041789096,0.001029941231306282
2021-01,0.02115305513748076,-0.11401918586291579,-0.011306333224362732,47.33173897062819,0.03193943152372243,0.0010182963725436228
2021-02,0.0045144272165108775,0.03498551066182818,0.03686318624078354,47.545414661241985,0.03305684884582835,0.0010558340213730128
2021-03,-0.016706709749451678,0.049820866454173635,0.027392176913669533,46.75108721857929,0.03470376969757217,0.0010847556136779335
2021-04,0.035863129410127655,-0.03898102781642223,-0.0906380792903152,48.42772750956337,0.0333509810856564,0.0009864354483547786
2021-05,0.0625212407309069,-0.0021935918311455013,-0.0690940453806639,51.45548911923954,0.033277822645986214,0.000918278632721058
2021-06,0.026659587141655464,0.008156419809249065,-0.08046087901539815,52.82727121533041,0.033549250537824614,0.0008443931267512637
2021-07,-0.004796267720565058,0.007933799512828481,-0.11303404639416983,52.57389747963479,0.03381542356539737,0.0007489479548871432
2021-08,0.06734671537886178,0.002098998837271021,-0.03000964914385032,56.11457678955321,0.033886402100142966,0.0007264722895339758
2021-09,0.016912669801624435,-0.04615473984191858,0.005394395165476703,57.06362409785282,0.032322384027032226,0.0007303911681404907
2021-10,0.010557974711463072,-0.0371110898114308,-0.06347405231404615,57.66610039802239,0.031122865130485476,0.000684030280924224
2021-11,0.03482435414267068,0.09910094883947167,-0.11231877972980493,59.67428510030992,0.03420717059551949,0.0006072008344725794
2021-12,0.022272358667358126,0.019986754235018455,0.02789342861678191,61.00337218128221,0.03489086090728749,0.0006241377476049907
2022-01,-0.08216536199090976,-0.009827587773614005,0.0449758677924167,55.99100802334097,0.03454796790922417,0.0006522088844255296
2022-02,0.03453177733127744,0.017691985735864488,-0.007708771905377741,57.924477044956745,0.03515919006467726,0.0006471811549008323
2022-03,-0.06056930599902903,0.019080592873281656,0.00883707672987278,54.41603166998703,0.035830048256055694,0.0006529003444248187
2022-04,-0.06676624274632716,-0.10088285507593164,0.02472611010084305,50.78287769021685,0.03221541069047639,0.0006690440302259452
2022-05,0.05711970359811714,0.05275287557338056,-0.06354633149425103,53.683580611741476,0.03391486624217645,0.0006265287364969575
2022-06,0.09594124423275951,-0.03410284128839554,-0.08727608377323082,58.8340501305016,0.032758272941402336,0.0005718477620041126
2022-07,-0.016898900900834322,0.05203259917073516,-0.06856248476744696,57.839819347751536,0.03446277102688786,0.0005326404585324069
2022-08,-0.013213543839277106,-0.02040880576467209,0.008473326417924426,57.07555035914415,0.033759427026887744,0.000537153695000945
2022-09,-0.060538895027225516,-0.03582803599675356,0.00415039068989774,53.6202596073308,0.032549893060138634,0.000539383092695721
2022-10,-0.013729118944044522,0.052358249309740305,-0.08422246341928769,52.884100685371216,0.034254148475986755,0.0004939549199021734
2022-11,0.09303195142350051,-0.005995730272368549,0.02226828846031549,57.804011771408184,0.03404876984101508,0.0005049544505449471
2022-12,-0.011528146064282796,-0.036646357234464313,-0.02245506799451321,57.13763868060587,0.032801006458027186,0.0004936156640238282
2023-01,0.07164059291419377,0.009753610061147791,-0.01708735100248468,61.231012993401436,0.033120934684631974,0.0004851810799123285
2023-02,0.009290379093075968,0.0329569690001766,-0.0066496197630317826,61.7998723163632,0.03421250030229026,0.00048195481021469437
2023-03,0.01097028150551105,-0.03859410457070367,-0.04563506800650634,62.47783431267834,0.03289209948799844,0.00045996076967448396
2023-04,0.012737059300903871,-0.04718619419402438,0.013406599448623501,63.27361819331097,0.03134004649410858,0.0004661272794755903
2023-05,-0.02482845884026606,0.030540957469870435,-0.03551785880977853,61.70263176832364,0.03229720152118891,0.00044957143657579007
2023-06,0.01593144570805355,0.007170754986708584,-0.012093735905652178,62.685643896384704,0.032528796840053706,0.0004441344383511178
2023-07,0.03989324972320048,-0.03376172764286254,0.034266326543959794,65.1863779424028,0.0314305684605898,0.00045935329404507536
2023-08,-0.050306432901796844,0.0014039925758292868,-0.027791162967181676,61.907083794332145,0.03147469674536257,0.00044658733179075695
2023-09,-0.005623717397402227,0.0034685156268802956,0.006195558082930971,61.55893585017552,0.03158386722287518,0.0004493541895439677
2023-10,-0.01856599152295372,0.003188627292513048,-0.04617511437491888,60.416033169019116,0.031684576403905144,0.00042860520844692604
2023-11,0.004238774792835313,0.032743740337313226,-0.03848296026281059,60.67212312749906,0.03272204794637237,0.0004121112112418293
2023-12,-0.014317157771995583,-0.004741403232903016,-0.0011726358046445264,59.803470768320715,0.03256689952245224,0.00041162795488003173
2024-01,-0.07729881288207609,-0.10396892719991262,0.11527553607101967,55.180733471701586,0.029180953916875533,0.00045907858804064485
2024-02,0.10126408345832864,-0.05737208014194369,-0.05669565333817361,60.76855987127177,0.027506781890138183,0.00043305082755811425
2024-03,0.02086904468284168,0.03137943141795575,-0.01790347171184893,62.03674166253728,0.028369929065988442,0.0004252977143171348
2024-04,0.02330273788795164,-0.041659239167697856,0.023846176824200933,63.48236759292195,0.027188059405857806,0.00043543943881566965
2024-05,0.00011314061754575007,-0.0033602918233695466,0.01025636104959974,63.48955002719469,0.027096699592143017,0.00043990546291539827
2024-06,-0.026187057893115078,-0.06729124801096979,0.007248117179158645,61.82694550502472,0.025273328859609378,0.00044309394925836113
2024-07,0.009021650198450646,-0.017441171967507007,-0.043167921564125314,62.384726580209716,0.024832532384777572,0.00042396650441123767
2024-08,-0.027708259844051827,-0.009082887034346471,0.006991600090177005,60.65615436582514,0.024606981298349886,0.00042693070866171135
2024-09,0.21539382248135383,0.0007296653249738161,-0.08909302216631243,73.72111531169928,0.02462493615935557,0.000388894161571434
2024-10,0.029091704516480788,0.027439616093477275,-0.1867463419749483,75.86578821497264,0.025300634953894674,0.0003162695994825542
2024-11,0.02122500339847283,0.023994845418723643,-0.03291875275537422,77.47603982766326,0.02590771977860893,0.00030585839873314676
2024-12,0.01261479901939085,-0.04796039241314001,0.036794050358777745,78.45338449890754,0.024665175371497178,0.0003171121680587893
2025-01,-0.020810277526597712,0.0030146691589200986,0.0019214969969823595,76.82074779458439,0.024739532714988986,0.00031772149813742083
2025-02,0.05068005255611236,0.013470663912043976,-0.11940253313196217,80.71402733021378,0.025072790645533617,0.00027978474642933077
2025-03,0.004551609930213436,0.011464156945433625,0.032103293966660736,81.0814060985175,0.025360229052554015,0.00028876675839133924
2025-04,-0.02104047743911159,-0.006483738778853509,-0.02403312757850081,79.37541460277019,0.02519579995200536,0.00028182679004649003
2025-05,0.031080122939023083,0.021533467938213997,-0.011040557612839369,81.84241224696022,0.02573835290244952,0.00027871526513414014
2025-06,0.048976900415234434,-0.002010140549892757,-0.0520047533922701,85.85079992132216,0.025686615195592857,0.000264220746504178
2025-07,0.057205621304350994,-0.03374154546304922,-0.06054748511820279,90.76194827029693,0.02481990910117891,0.0002482228447872958
2025-08,0.10686050011163775,-0.06973466529407346,-0.1264662001586668,100.46081545356746,0.023089101047378872,0.00021683104481447197
2025-09,0.03919794000356789,-0.06040671912388327,-0.06273710423489656,104.3986724704259,0.0216943642055869,0.00020322769295458493
2025-10,0.018706273677277195,0.0009046707875422777,0.013976429499500407,106.3515826092021,0.021713990463137996,0.0002060680904775108
2025-11,-0.008830248819963318,0.007443408270403186,-0.012844767423843,105.41247167236597,0.021875616559334773,0.00020342119378185175
2025-12,0.03798755435211367,-0.040047394568055256,-0.057596899598270856,109.41683366941062,0.02099955511156361,0.00019170476370743803
